text,label
I absolutely love how quickly you fixed this.,positive
"Thanks, that was really helpful!",positive
This is the best service I've had in years.,positive
"C'est vraiment excellent, merci beaucoup.",positive
"Muchas gracias, todo salió perfecto.",positive
The meeting is scheduled for Tuesday at 3pm.,neutral
I'm calling about my account number.,neutral
Please send the invoice to the main office.,neutral
Le colis arrive demain matin.,neutral
El informe tiene veinte páginas.,neutral
I've been waiting for an hour and nobody has helped me.,negative
"This is completely unacceptable, I want a refund.",negative
The product broke after two days.,negative
Je suis très déçu par ce service.,negative
Estoy harto de tantos problemas.,negative
